kommuneNAVN,kommuneID,fylkeID,aar,hyppighet
Agdenes,1622,16,2018,0
Agdenes,1622,16,2019,0
Agdenes,1622,16,2020,0
Agdenes,1622,16,2021,0
Alstahaug,1820,18,2018,0
Alstahaug,1820,18,2019,0
Alstahaug,1820,18,2020,0
Alstahaug,1820,18,2021,0
Alta,2012,20,2018,0
Alta,2012,20,2019,0
Alta,2012,20,2020,0
Alta,2012,20,2021,0
Alvdal,0438,04,2018,0
Alvdal,0438,04,2019,0
Alvdal,0438,04,2020,0
Alvdal,0438,04,2021,0
Andebu,0719,07,2018,0
Andebu,0719,07,2019,0
Andebu,0719,07,2020,0
Andebu,0719,07,2021,0
Andoey,1871,18,2018,0
Andoey,1871,18,2019,0
Andoey,1871,18,2020,0
Andoey,1871,18,2021,0
Aremark,0118,01,2018,0
Aremark,0118,01,2019,0
Aremark,0118,01,2020,0
Aremark,0118,01,2021,0
Arendal,0906,09,2018,0
Arendal,0906,09,2019,0
Arendal,0906,09,2020,0
Arendal,0906,09,2021,0
Asker,0220,02,2018,45
Asker,0220,02,2019,0
Asker,0220,02,2020,212
Asker,0220,02,2021,118
Askim,0124,01,2018,0
Askim,0124,01,2019,0
Askim,0124,01,2020,0
Askim,0124,01,2021,0
Askvoll,1428,14,2018,0
Askvoll,1428,14,2019,0
Askvoll,1428,14,2020,0
Askvoll,1428,14,2021,0
Askoey,1247,12,2018,0
Askoey,1247,12,2019,0
Askoey,1247,12,2020,0
Askoey,1247,12,2021,0
Audnedal,1027,10,2018,0
Audnedal,1027,10,2019,0
Audnedal,1027,10,2020,0
Audnedal,1027,10,2021,0
Aukra,1547,15,2018,0
Aukra,1547,15,2019,0
Aukra,1547,15,2020,0
Aukra,1547,15,2021,0
Aure,1576,15,2018,0
Aure,1576,15,2019,0
Aure,1576,15,2020,0
Aure,1576,15,2021,0
Aurland,1421,14,2018,0
Aurland,1421,14,2019,0
Aurland,1421,14,2020,0
Aurland,1421,14,2021,0
Aurskog-Hoeland,0221,02,2018,0
Aurskog-Hoeland,0221,02,2019,0
Aurskog-Hoeland,0221,02,2020,0
Aurskog-Hoeland,0221,02,2021,0
Austevoll,1244,12,2018,0
Austevoll,1244,12,2019,0
Austevoll,1244,12,2020,0
Austevoll,1244,12,2021,0
Austrheim,1264,12,2018,0
Austrheim,1264,12,2019,0
Austrheim,1264,12,2020,0
Austrheim,1264,12,2021,0
Averoey,1554,15,2018,0
Averoey,1554,15,2019,0
Averoey,1554,15,2020,0
Averoey,1554,15,2021,0
Balestrand,1418,14,2018,0
Balestrand,1418,14,2019,0
Balestrand,1418,14,2020,0
Balestrand,1418,14,2021,0
Ballangen,1854,18,2018,0
Ballangen,1854,18,2019,0
Ballangen,1854,18,2020,6
Ballangen,1854,18,2021,0
Balsfjord,1933,19,2018,0
Balsfjord,1933,19,2019,0
Balsfjord,1933,19,2020,0
Balsfjord,1933,19,2021,109
Bamble,0814,08,2018,0
Bamble,0814,08,2019,0
Bamble,0814,08,2020,0
Bamble,0814,08,2021,0
Bardu,1922,19,2018,0
Bardu,1922,19,2019,0
Bardu,1922,19,2020,0
Bardu,1922,19,2021,63
Beiarn,1839,18,2018,0
Beiarn,1839,18,2019,0
Beiarn,1839,18,2020,0
Beiarn,1839,18,2021,0
Berg,1929,19,2018,0
Berg,1929,19,2019,0
Berg,1929,19,2020,0
Berg,1929,19,2021,0
Bergen,1201,12,2018,3698
Bergen,1201,12,2019,0
Bergen,1201,12,2020,0
Bergen,1201,12,2021,0
Berlevaag,2024,20,2018,0
Berlevaag,2024,20,2019,0
Berlevaag,2024,20,2020,0
Berlevaag,2024,20,2021,0
Bindal,1811,18,2018,0
Bindal,1811,18,2019,0
Bindal,1811,18,2020,0
Bindal,1811,18,2021,0
Birkenes,0928,09,2018,0
Birkenes,0928,09,2019,0
Birkenes,0928,09,2020,0
Birkenes,0928,09,2021,0
Bjerkreim,1114,11,2018,0
Bjerkreim,1114,11,2019,0
Bjerkreim,1114,11,2020,0
Bjerkreim,1114,11,2021,0
Bjugn,1627,16,2018,0
Bjugn,1627,16,2019,0
Bjugn,1627,16,2020,0
Bjugn,1627,16,2021,0
Bodoe,1804,18,2018,0
Bodoe,1804,18,2019,0
Bodoe,1804,18,2020,0
Bodoe,1804,18,2021,0
Bokn,1145,11,2018,0
Bokn,1145,11,2019,0
Bokn,1145,11,2020,0
Bokn,1145,11,2021,0
Bremanger,1438,14,2018,0
Bremanger,1438,14,2019,0
Bremanger,1438,14,2020,0
Bremanger,1438,14,2021,0
Broennoey,1813,18,2018,0
Broennoey,1813,18,2019,0
Broennoey,1813,18,2020,0
Broennoey,1813,18,2021,0
Bygland,0938,09,2018,0
Bygland,0938,09,2019,0
Bygland,0938,09,2020,0
Bygland,0938,09,2021,0
Bykle,0941,09,2018,0
Bykle,0941,09,2019,0
Bykle,0941,09,2020,0
Bykle,0941,09,2021,0
Baerum,0219,02,2018,29
Baerum,0219,02,2019,0
Baerum,0219,02,2020,56
Baerum,0219,02,2021,48
Boe,0821,08,2018,0
Boe,0821,08,2019,0
Boe,0821,08,2020,0
Boe,0821,08,2021,66
Boe,1867,18,2018,0
Boe,1867,18,2019,0
Boe,1867,18,2020,0
Boe,1867,18,2021,66
Boemlo,1219,12,2018,0
Boemlo,1219,12,2019,0
Boemlo,1219,12,2020,0
Boemlo,1219,12,2021,0
Baatsfjord,2028,20,2018,0
Baatsfjord,2028,20,2019,0
Baatsfjord,2028,20,2020,0
Baatsfjord,2028,20,2021,0
Dovre,0511,05,2018,0
Dovre,0511,05,2019,0
Dovre,0511,05,2020,89
Dovre,0511,05,2021,0
Drammen,0602,06,2018,293
Drammen,0602,06,2019,0
Drammen,0602,06,2020,82
Drammen,0602,06,2021,201
Drangedal,0817,08,2018,0
Drangedal,0817,08,2019,0
Drangedal,0817,08,2020,0
Drangedal,0817,08,2021,0
Dyroey,1926,19,2018,0
Dyroey,1926,19,2019,0
Dyroey,1926,19,2020,0
Dyroey,1926,19,2021,0
Doenna,1827,18,2018,0
Doenna,1827,18,2019,0
Doenna,1827,18,2020,0
Doenna,1827,18,2021,0
Eid,1443,14,2018,25
Eid,1443,14,2019,0
Eid,1443,14,2020,0
Eid,1443,14,2021,0
Eide,1551,15,2018,0
Eide,1551,15,2019,0
Eide,1551,15,2020,0
Eide,1551,15,2021,0
Eidfjord,1232,12,2018,0
Eidfjord,1232,12,2019,0
Eidfjord,1232,12,2020,0
Eidfjord,1232,12,2021,0
Eidsberg,0125,01,2018,0
Eidsberg,0125,01,2019,0
Eidsberg,0125,01,2020,0
Eidsberg,0125,01,2021,0
Eidskog,0420,04,2018,0
Eidskog,0420,04,2019,0
Eidskog,0420,04,2020,0
Eidskog,0420,04,2021,0
Eidsvoll,0237,02,2018,0
Eidsvoll,0237,02,2019,0
Eidsvoll,0237,02,2020,28
Eidsvoll,0237,02,2021,0
Eigersund,1101,11,2018,0
Eigersund,1101,11,2019,0
Eigersund,1101,11,2020,0
Eigersund,1101,11,2021,0
Elverum,0427,04,2018,0
Elverum,0427,04,2019,0
Elverum,0427,04,2020,457
Elverum,0427,04,2021,0
Enebakk,0229,02,2018,0
Enebakk,0229,02,2019,0
Enebakk,0229,02,2020,0
Enebakk,0229,02,2021,0
Engerdal,0434,04,2018,0
Engerdal,0434,04,2019,0
Engerdal,0434,04,2020,0
Engerdal,0434,04,2021,0
Etne,1211,12,2018,0
Etne,1211,12,2019,0
Etne,1211,12,2020,0
Etne,1211,12,2021,0
Etnedal,0541,05,2018,0
Etnedal,0541,05,2019,0
Etnedal,0541,05,2020,0
Etnedal,0541,05,2021,7
Evenes,1853,18,2018,0
Evenes,1853,18,2019,0
Evenes,1853,18,2020,367
Evenes,1853,18,2021,152
Evje og Hornnes,0937,09,2018,0
Evje og Hornnes,0937,09,2019,0
Evje og Hornnes,0937,09,2020,0
Evje og Hornnes,0937,09,2021,0
Farsund,1003,10,2018,0
Farsund,1003,10,2019,0
Farsund,1003,10,2020,0
Farsund,1003,10,2021,0
Fauske,1841,18,2018,0
Fauske,1841,18,2019,0
Fauske,1841,18,2020,0
Fauske,1841,18,2021,0
Fedje,1265,12,2018,0
Fedje,1265,12,2019,0
Fedje,1265,12,2020,0
Fedje,1265,12,2021,0
Fet,0227,02,2018,0
Fet,0227,02,2019,0
Fet,0227,02,2020,0
Fet,0227,02,2021,0
Finnoey,1141,11,2018,0
Finnoey,1141,11,2019,0
Finnoey,1141,11,2020,0
Finnoey,1141,11,2021,0
Fitjar,1222,12,2018,0
Fitjar,1222,12,2019,0
Fitjar,1222,12,2020,0
Fitjar,1222,12,2021,0
Fjaler,1429,14,2018,0
Fjaler,1429,14,2019,0
Fjaler,1429,14,2020,0
Fjaler,1429,14,2021,0
Fjell,1246,12,2018,0
Fjell,1246,12,2019,0
Fjell,1246,12,2020,0
Fjell,1246,12,2021,0
Flakstad,1859,18,2018,0
Flakstad,1859,18,2019,0
Flakstad,1859,18,2020,0
Flakstad,1859,18,2021,0
Flatanger,1749,17,2018,0
Flatanger,1749,17,2019,0
Flatanger,1749,17,2020,0
Flatanger,1749,17,2021,0
Flekkefjord,1004,10,2018,0
Flekkefjord,1004,10,2019,0
Flekkefjord,1004,10,2020,0
Flekkefjord,1004,10,2021,0
Flesberg,0631,06,2018,0
Flesberg,0631,06,2019,0
Flesberg,0631,06,2020,0
Flesberg,0631,06,2021,0
Flora,1401,14,2018,0
Flora,1401,14,2019,0
Flora,1401,14,2020,0
Flora,1401,14,2021,0
Flaa,0615,06,2018,0
Flaa,0615,06,2019,0
Flaa,0615,06,2020,0
Flaa,0615,06,2021,0
Folldal,0439,04,2018,0
Folldal,0439,04,2019,0
Folldal,0439,04,2020,0
Folldal,0439,04,2021,0
Forsand,1129,11,2018,0
Forsand,1129,11,2019,0
Forsand,1129,11,2020,0
Forsand,1129,11,2021,0
Fosnes,1748,17,2018,0
Fosnes,1748,17,2019,0
Fosnes,1748,17,2020,0
Fosnes,1748,17,2021,0
Fredrikstad,0106,01,2018,0
Fredrikstad,0106,01,2019,0
Fredrikstad,0106,01,2020,0
Fredrikstad,0106,01,2021,0
Frogn,0215,02,2018,0
Frogn,0215,02,2019,0
Frogn,0215,02,2020,0
Frogn,0215,02,2021,0
Froland,0919,09,2018,0
Froland,0919,09,2019,0
Froland,0919,09,2020,0
Froland,0919,09,2021,0
Frosta,1717,17,2018,0
Frosta,1717,17,2019,0
Frosta,1717,17,2020,0
Frosta,1717,17,2021,0
Fraena,1548,15,2018,0
Fraena,1548,15,2019,0
Fraena,1548,15,2020,0
Fraena,1548,15,2021,0
Froeya,1620,16,2018,0
Froeya,1620,16,2019,0
Froeya,1620,16,2020,0
Froeya,1620,16,2021,0
Fusa,1241,12,2018,0
Fusa,1241,12,2019,0
Fusa,1241,12,2020,0
Fusa,1241,12,2021,0
Fyresdal,0831,08,2018,0
Fyresdal,0831,08,2019,0
Fyresdal,0831,08,2020,0
Fyresdal,0831,08,2021,0
Foerde,1432,14,2018,69
Foerde,1432,14,2019,0
Foerde,1432,14,2020,0
Foerde,1432,14,2021,0
Gamvik,2023,20,2018,0
Gamvik,2023,20,2019,0
Gamvik,2023,20,2020,0
Gamvik,2023,20,2021,0
Gaular,1430,14,2018,60
Gaular,1430,14,2019,0
Gaular,1430,14,2020,0
Gaular,1430,14,2021,0
Gausdal,0522,05,2018,0
Gausdal,0522,05,2019,0
Gausdal,0522,05,2020,0
Gausdal,0522,05,2021,0
Gildeskaal,1838,18,2018,0
Gildeskaal,1838,18,2019,0
Gildeskaal,1838,18,2020,0
Gildeskaal,1838,18,2021,0
Giske,1532,15,2018,388
Giske,1532,15,2019,27
Giske,1532,15,2020,771
Giske,1532,15,2021,190
Gjemnes,1557,15,2018,0
Gjemnes,1557,15,2019,0
Gjemnes,1557,15,2020,74
Gjemnes,1557,15,2021,0
Gjerdrum,0234,02,2018,0
Gjerdrum,0234,02,2019,0
Gjerdrum,0234,02,2020,3
Gjerdrum,0234,02,2021,0
Gjerstad,0911,09,2018,0
Gjerstad,0911,09,2019,0
Gjerstad,0911,09,2020,0
Gjerstad,0911,09,2021,0
Gjesdal,1122,11,2018,0
Gjesdal,1122,11,2019,0
Gjesdal,1122,11,2020,0
Gjesdal,1122,11,2021,0
Gjoevik,0502,05,2018,1
Gjoevik,0502,05,2019,0
Gjoevik,0502,05,2020,7
Gjoevik,0502,05,2021,0
Gloppen,1445,14,2018,29
Gloppen,1445,14,2019,0
Gloppen,1445,14,2020,0
Gloppen,1445,14,2021,0
Gol,0617,06,2018,0
Gol,0617,06,2019,0
Gol,0617,06,2020,0
Gol,0617,06,2021,0
Gran,0534,05,2018,68
Gran,0534,05,2019,0
Gran,0534,05,2020,0
Gran,0534,05,2021,0
Grane,1825,18,2018,0
Grane,1825,18,2019,0
Grane,1825,18,2020,0
Grane,1825,18,2021,0
Granvin,1234,12,2018,0
Granvin,1234,12,2019,0
Granvin,1234,12,2020,0
Granvin,1234,12,2021,0
Gratangen,1919,19,2018,0
Gratangen,1919,19,2019,0
Gratangen,1919,19,2020,0
Gratangen,1919,19,2021,26
Grimstad,0904,09,2018,0
Grimstad,0904,09,2019,0
Grimstad,0904,09,2020,0
Grimstad,0904,09,2021,0
Grong,1742,17,2018,0
Grong,1742,17,2019,0
Grong,1742,17,2020,0
Grong,1742,17,2021,0
Grue,0423,04,2018,0
Grue,0423,04,2019,0
Grue,0423,04,2020,0
Grue,0423,04,2021,0
Gulen,1411,14,2018,20
Gulen,1411,14,2019,0
Gulen,1411,14,2020,0
Gulen,1411,14,2021,0
Hadsel,1866,18,2018,0
Hadsel,1866,18,2019,0
Hadsel,1866,18,2020,193
Hadsel,1866,18,2021,200
Halden,0101,01,2018,0
Halden,0101,01,2019,0
Halden,0101,01,2020,0
Halden,0101,01,2021,0
Halsa,1571,15,2018,0
Halsa,1571,15,2019,0
Halsa,1571,15,2020,0
Halsa,1571,15,2021,0
Hamar,0403,04,2018,0
Hamar,0403,04,2019,0
Hamar,0403,04,2020,15
Hamar,0403,04,2021,0
Hamaroey,1849,18,2018,0
Hamaroey,1849,18,2019,0
Hamaroey,1849,18,2020,0
Hamaroey,1849,18,2021,0
Hammerfest,2004,20,2018,0
Hammerfest,2004,20,2019,0
Hammerfest,2004,20,2020,0
Hammerfest,2004,20,2021,0
Haram,1534,15,2018,0
Haram,1534,15,2019,0
Haram,1534,15,2020,3
Haram,1534,15,2021,28
Hareid,1517,15,2018,0
Hareid,1517,15,2019,0
Hareid,1517,15,2020,0
Hareid,1517,15,2021,0
Harstad,1903,19,2018,0
Harstad,1903,19,2019,0
Harstad,1903,19,2020,153
Harstad,1903,19,2021,11
Hasvik,2015,20,2018,0
Hasvik,2015,20,2019,0
Hasvik,2015,20,2020,0
Hasvik,2015,20,2021,0
Hattfjelldal,1826,18,2018,0
Hattfjelldal,1826,18,2019,0
Hattfjelldal,1826,18,2020,0
Hattfjelldal,1826,18,2021,0
Haugesund,1106,11,2018,0
Haugesund,1106,11,2019,0
Haugesund,1106,11,2020,0
Haugesund,1106,11,2021,0
Hemne,1612,16,2018,0
Hemne,1612,16,2019,0
Hemne,1612,16,2020,0
Hemne,1612,16,2021,0
Hemnes,1832,18,2018,0
Hemnes,1832,18,2019,0
Hemnes,1832,18,2020,0
Hemnes,1832,18,2021,0
Hemsedal,0618,06,2018,0
Hemsedal,0618,06,2019,0
Hemsedal,0618,06,2020,0
Hemsedal,0618,06,2021,0
Heroey,1515,15,2018,0
Heroey,1515,15,2019,0
Heroey,1515,15,2020,4
Heroey,1515,15,2021,0
Heroey,1818,18,2018,0
Heroey,1818,18,2019,0
Heroey,1818,18,2020,4
Heroey,1818,18,2021,0
Hitra,1617,16,2018,0
Hitra,1617,16,2019,0
Hitra,1617,16,2020,0
Hitra,1617,16,2021,0
Hjartdal,0827,08,2018,0
Hjartdal,0827,08,2019,0
Hjartdal,0827,08,2020,0
Hjartdal,0827,08,2021,0
Hjelmeland,1133,11,2018,0
Hjelmeland,1133,11,2019,0
Hjelmeland,1133,11,2020,0
Hjelmeland,1133,11,2021,0
Hoboel,0138,01,2018,0
Hoboel,0138,01,2019,0
Hoboel,0138,01,2020,0
Hoboel,0138,01,2021,0
Hof,0714,07,2018,0
Hof,0714,07,2019,0
Hof,0714,07,2020,0
Hof,0714,07,2021,0
Hol,0620,06,2018,0
Hol,0620,06,2019,0
Hol,0620,06,2020,0
Hol,0620,06,2021,0
Hole,0612,06,2018,161
Hole,0612,06,2019,0
Hole,0612,06,2020,0
Hole,0612,06,2021,436
Holmestrand,0702,07,2018,0
Holmestrand,0702,07,2019,0
Holmestrand,0702,07,2020,0
Holmestrand,0702,07,2021,0
Holtaalen,1644,16,2018,0
Holtaalen,1644,16,2019,0
Holtaalen,1644,16,2020,0
Holtaalen,1644,16,2021,0
Hornindal,1444,14,2018,0
Hornindal,1444,14,2019,0
Hornindal,1444,14,2020,1
Hornindal,1444,14,2021,0
Horten,0701,07,2018,0
Horten,0701,07,2019,0
Horten,0701,07,2020,0
Horten,0701,07,2021,0
Hurdal,0239,02,2018,0
Hurdal,0239,02,2019,0
Hurdal,0239,02,2020,1
Hurdal,0239,02,2021,0
Hurum,0628,06,2018,0
Hurum,0628,06,2019,0
Hurum,0628,06,2020,0
Hurum,0628,06,2021,0
Hvaler,0111,01,2018,0
Hvaler,0111,01,2019,0
Hvaler,0111,01,2020,0
Hvaler,0111,01,2021,0
Hyllestad,1413,14,2018,0
Hyllestad,1413,14,2019,0
Hyllestad,1413,14,2020,0
Hyllestad,1413,14,2021,0
Haegebostad,1034,10,2018,0
Haegebostad,1034,10,2019,0
Haegebostad,1034,10,2020,0
Haegebostad,1034,10,2021,0
Hoeyanger,1416,14,2018,120
Hoeyanger,1416,14,2019,0
Hoeyanger,1416,14,2020,0
Hoeyanger,1416,14,2021,0
Hoeylandet,1743,17,2018,0
Hoeylandet,1743,17,2019,0
Hoeylandet,1743,17,2020,0
Hoeylandet,1743,17,2021,0
Haa,1119,11,2018,0
Haa,1119,11,2019,0
Haa,1119,11,2020,0
Haa,1119,11,2021,0
Ibestad,1917,19,2018,0
Ibestad,1917,19,2019,0
Ibestad,1917,19,2020,0
Ibestad,1917,19,2021,0
Inderoey,1756,17,2018,0
Inderoey,1756,17,2019,0
Inderoey,1756,17,2020,0
Inderoey,1756,17,2021,0
Iveland,0935,09,2018,0
Iveland,0935,09,2019,0
Iveland,0935,09,2020,0
Iveland,0935,09,2021,0
Jevnaker,0532,05,2018,0
Jevnaker,0532,05,2019,0
Jevnaker,0532,05,2020,0
Jevnaker,0532,05,2021,0
Jondal,1227,12,2018,0
Jondal,1227,12,2019,0
Jondal,1227,12,2020,0
Jondal,1227,12,2021,0
Joelster,1431,14,2018,40
Joelster,1431,14,2019,0
Joelster,1431,14,2020,0
Joelster,1431,14,2021,0
Karasjok,2021,20,2018,0
Karasjok,2021,20,2019,0
Karasjok,2021,20,2020,0
Karasjok,2021,20,2021,0
Karlsoey,1936,19,2018,0
Karlsoey,1936,19,2019,0
Karlsoey,1936,19,2020,0
Karlsoey,1936,19,2021,0
Karmoey,1149,11,2018,0
Karmoey,1149,11,2019,0
Karmoey,1149,11,2020,0
Karmoey,1149,11,2021,0
Kautokeino,2011,20,2018,0
Kautokeino,2011,20,2019,0
Kautokeino,2011,20,2020,0
Kautokeino,2011,20,2021,0
Klepp,1120,11,2018,0
Klepp,1120,11,2019,0
Klepp,1120,11,2020,0
Klepp,1120,11,2021,0
Klaebu,1662,16,2018,0
Klaebu,1662,16,2019,0
Klaebu,1662,16,2020,0
Klaebu,1662,16,2021,0
Kongsberg,0604,06,2018,0
Kongsberg,0604,06,2019,0
Kongsberg,0604,06,2020,0
Kongsberg,0604,06,2021,0
Kongsvinger,0402,04,2018,0
Kongsvinger,0402,04,2019,0
Kongsvinger,0402,04,2020,0
Kongsvinger,0402,04,2021,0
Krageroe,0815,08,2018,0
Krageroe,0815,08,2019,0
Krageroe,0815,08,2020,0
Krageroe,0815,08,2021,0
Kristiansand,1001,10,2018,0
Kristiansand,1001,10,2019,0
Kristiansand,1001,10,2020,0
Kristiansand,1001,10,2021,0
Kristiansund,1505,15,2018,0
Kristiansund,1505,15,2019,0
Kristiansund,1505,15,2020,1126
Kristiansund,1505,15,2021,0
Kroedsherad,0622,06,2018,0
Kroedsherad,0622,06,2019,0
Kroedsherad,0622,06,2020,0
Kroedsherad,0622,06,2021,0
Kvalsund,2017,20,2018,0
Kvalsund,2017,20,2019,0
Kvalsund,2017,20,2020,0
Kvalsund,2017,20,2021,0
Kvam,1238,12,2018,0
Kvam,1238,12,2019,0
Kvam,1238,12,2020,0
Kvam,1238,12,2021,0
Kvinesdal,1037,10,2018,0
Kvinesdal,1037,10,2019,0
Kvinesdal,1037,10,2020,0
Kvinesdal,1037,10,2021,0
Kvinnherad,1224,12,2018,0
Kvinnherad,1224,12,2019,0
Kvinnherad,1224,12,2020,0
Kvinnherad,1224,12,2021,0
Kviteseid,0829,08,2018,0
Kviteseid,0829,08,2019,0
Kviteseid,0829,08,2020,0
Kviteseid,0829,08,2021,0
Kvitsoey,1144,11,2018,0
Kvitsoey,1144,11,2019,0
Kvitsoey,1144,11,2020,0
Kvitsoey,1144,11,2021,0
Kvaefjord,1911,19,2018,0
Kvaefjord,1911,19,2019,0
Kvaefjord,1911,19,2020,63
Kvaefjord,1911,19,2021,34
Kvaenangen,1943,19,2018,0
Kvaenangen,1943,19,2019,0
Kvaenangen,1943,19,2020,0
Kvaenangen,1943,19,2021,0
Kaafjord,1940,19,2018,0
Kaafjord,1940,19,2019,0
Kaafjord,1940,19,2020,0
Kaafjord,1940,19,2021,0
Lardal,0728,07,2018,0
Lardal,0728,07,2019,0
Lardal,0728,07,2020,0
Lardal,0728,07,2021,0
Larvik,0709,07,2018,0
Larvik,0709,07,2019,0
Larvik,0709,07,2020,0
Larvik,0709,07,2021,0
Lavangen,1920,19,2018,0
Lavangen,1920,19,2019,0
Lavangen,1920,19,2020,0
Lavangen,1920,19,2021,11
Lebesby,2022,20,2018,0
Lebesby,2022,20,2019,0
Lebesby,2022,20,2020,0
Lebesby,2022,20,2021,0
Leikanger,1419,14,2018,0
Leikanger,1419,14,2019,0
Leikanger,1419,14,2020,0
Leikanger,1419,14,2021,0
Leirfjord,1822,18,2018,0
Leirfjord,1822,18,2019,0
Leirfjord,1822,18,2020,0
Leirfjord,1822,18,2021,0
Leka,1755,17,2018,0
Leka,1755,17,2019,0
Leka,1755,17,2020,0
Leka,1755,17,2021,0
Leksvik,1718,17,2018,0
Leksvik,1718,17,2019,0
Leksvik,1718,17,2020,0
Leksvik,1718,17,2021,0
Lenvik,1931,19,2018,0
Lenvik,1931,19,2019,0
Lenvik,1931,19,2020,0
Lenvik,1931,19,2021,0
Lesja,0512,05,2018,0
Lesja,0512,05,2019,0
Lesja,0512,05,2020,626
Lesja,0512,05,2021,0
Levanger,1719,17,2018,0
Levanger,1719,17,2019,0
Levanger,1719,17,2020,0
Levanger,1719,17,2021,0
Lier,0626,06,2018,16
Lier,0626,06,2019,0
Lier,0626,06,2020,7
Lier,0626,06,2021,7
Lierne,1738,17,2018,0
Lierne,1738,17,2019,0
Lierne,1738,17,2020,0
Lierne,1738,17,2021,0
Lillehammer,0501,05,2018,0
Lillehammer,0501,05,2019,0
Lillehammer,0501,05,2020,90
Lillehammer,0501,05,2021,0
Lillesand,0926,09,2018,0
Lillesand,0926,09,2019,0
Lillesand,0926,09,2020,0
Lillesand,0926,09,2021,0
Lindesnes,1029,10,2018,0
Lindesnes,1029,10,2019,0
Lindesnes,1029,10,2020,0
Lindesnes,1029,10,2021,0
Lindaas,1263,12,2018,32
Lindaas,1263,12,2019,0
Lindaas,1263,12,2020,0
Lindaas,1263,12,2021,0
Lom,0514,05,2018,5
Lom,0514,05,2019,0
Lom,0514,05,2020,2
Lom,0514,05,2021,0
Loppa,2014,20,2018,0
Loppa,2014,20,2019,0
Loppa,2014,20,2020,0
Loppa,2014,20,2021,0
Lund,1112,11,2018,0
Lund,1112,11,2019,0
Lund,1112,11,2020,0
Lund,1112,11,2021,0
Lunner,0533,05,2018,6
Lunner,0533,05,2019,0
Lunner,0533,05,2020,0
Lunner,0533,05,2021,0
Luroey,1834,18,2018,0
Luroey,1834,18,2019,0
Luroey,1834,18,2020,0
Luroey,1834,18,2021,0
Luster,1426,14,2018,0
Luster,1426,14,2019,0
Luster,1426,14,2020,0
Luster,1426,14,2021,0
Lyngdal,1032,10,2018,0
Lyngdal,1032,10,2019,0
Lyngdal,1032,10,2020,0
Lyngdal,1032,10,2021,0
Lyngen,1938,19,2018,0
Lyngen,1938,19,2019,0
Lyngen,1938,19,2020,0
Lyngen,1938,19,2021,0
Laerdal,1422,14,2018,0
Laerdal,1422,14,2019,0
Laerdal,1422,14,2020,0
Laerdal,1422,14,2021,0
Loedingen,1851,18,2018,0
Loedingen,1851,18,2019,0
Loedingen,1851,18,2020,116
Loedingen,1851,18,2021,51
Loerenskog,0230,02,2018,0
Loerenskog,0230,02,2019,0
Loerenskog,0230,02,2020,0
Loerenskog,0230,02,2021,0
Loeten,0415,04,2018,0
Loeten,0415,04,2019,0
Loeten,0415,04,2020,0
Loeten,0415,04,2021,0
Malvik,1663,16,2018,0
Malvik,1663,16,2019,0
Malvik,1663,16,2020,0
Malvik,1663,16,2021,0
Mandal,1002,10,2018,0
Mandal,1002,10,2019,0
Mandal,1002,10,2020,0
Mandal,1002,10,2021,0
Marker,0119,01,2018,0
Marker,0119,01,2019,0
Marker,0119,01,2020,0
Marker,0119,01,2021,0
Marnardal,1021,10,2018,0
Marnardal,1021,10,2019,0
Marnardal,1021,10,2020,0
Marnardal,1021,10,2021,0
Masfjorden,1266,12,2018,12
Masfjorden,1266,12,2019,0
Masfjorden,1266,12,2020,0
Masfjorden,1266,12,2021,0
Meland,1256,12,2018,0
Meland,1256,12,2019,0
Meland,1256,12,2020,0
Meland,1256,12,2021,0
Meldal,1636,16,2018,0
Meldal,1636,16,2019,0
Meldal,1636,16,2020,0
Meldal,1636,16,2021,0
Melhus,1653,16,2018,0
Melhus,1653,16,2019,0
Melhus,1653,16,2020,0
Melhus,1653,16,2021,0
Meloey,1837,18,2018,0
Meloey,1837,18,2019,0
Meloey,1837,18,2020,0
Meloey,1837,18,2021,0
Meraaker,1711,17,2018,0
Meraaker,1711,17,2019,0
Meraaker,1711,17,2020,0
Meraaker,1711,17,2021,0
Midsund,1545,15,2018,0
Midsund,1545,15,2019,0
Midsund,1545,15,2020,0
Midsund,1545,15,2021,0
Midtre Gauldal,1648,16,2018,0
Midtre Gauldal,1648,16,2019,0
Midtre Gauldal,1648,16,2020,0
Midtre Gauldal,1648,16,2021,0
Modalen,1252,12,2018,0
Modalen,1252,12,2019,0
Modalen,1252,12,2020,0
Modalen,1252,12,2021,0
Modum,0623,06,2018,0
Modum,0623,06,2019,0
Modum,0623,06,2020,0
Modum,0623,06,2021,5
Molde,1502,15,2018,3
Molde,1502,15,2019,0
Molde,1502,15,2020,16
Molde,1502,15,2021,0
Moskenes,1874,18,2018,0
Moskenes,1874,18,2019,0
Moskenes,1874,18,2020,0
Moskenes,1874,18,2021,0
Moss,0104,01,2018,0
Moss,0104,01,2019,0
Moss,0104,01,2020,0
Moss,0104,01,2021,0
Maalselv,1924,19,2018,0
Maalselv,1924,19,2019,0
Maalselv,1924,19,2020,0
Maalselv,1924,19,2021,49
Maasoey,2018,20,2018,0
Maasoey,2018,20,2019,0
Maasoey,2018,20,2020,0
Maasoey,2018,20,2021,0
Namdalseid,1725,17,2018,0
Namdalseid,1725,17,2019,0
Namdalseid,1725,17,2020,0
Namdalseid,1725,17,2021,0
Namsos,1703,17,2018,0
Namsos,1703,17,2019,0
Namsos,1703,17,2020,0
Namsos,1703,17,2021,0
Namsskogan,1740,17,2018,0
Namsskogan,1740,17,2019,0
Namsskogan,1740,17,2020,0
Namsskogan,1740,17,2021,0
Nannestad,0238,02,2018,0
Nannestad,0238,02,2019,0
Nannestad,0238,02,2020,0
Nannestad,0238,02,2021,4
Narvik,1805,18,2018,0
Narvik,1805,18,2019,0
Narvik,1805,18,2020,0
Narvik,1805,18,2021,138
Naustdal,1433,14,2018,0
Naustdal,1433,14,2019,0
Naustdal,1433,14,2020,0
Naustdal,1433,14,2021,0
Nedre Eiker,0625,06,2018,0
Nedre Eiker,0625,06,2019,0
Nedre Eiker,0625,06,2020,0
Nedre Eiker,0625,06,2021,0
Nes,0236,02,2018,0
Nes,0236,02,2019,0
Nes,0236,02,2020,0
Nes,0236,02,2021,0
Nes,0616,06,2018,0
Nes,0616,06,2019,0
Nes,0616,06,2020,0
Nes,0616,06,2021,0
Nesna,1828,18,2018,0
Nesna,1828,18,2019,0
Nesna,1828,18,2020,0
Nesna,1828,18,2021,0
Nesodden,0216,02,2018,0
Nesodden,0216,02,2019,0
Nesodden,0216,02,2020,0
Nesodden,0216,02,2021,1
Nesseby,2027,20,2018,0
Nesseby,2027,20,2019,0
Nesseby,2027,20,2020,0
Nesseby,2027,20,2021,0
Nesset,1543,15,2018,0
Nesset,1543,15,2019,0
Nesset,1543,15,2020,0
Nesset,1543,15,2021,0
Nissedal,0830,08,2018,0
Nissedal,0830,08,2019,0
Nissedal,0830,08,2020,0
Nissedal,0830,08,2021,0
Nittedal,0233,02,2018,64
Nittedal,0233,02,2019,0
Nittedal,0233,02,2020,0
Nittedal,0233,02,2021,4
Nome,0819,08,2018,0
Nome,0819,08,2019,0
Nome,0819,08,2020,0
Nome,0819,08,2021,0
Nord-Aurdal,0542,05,2018,0
Nord-Aurdal,0542,05,2019,0
Nord-Aurdal,0542,05,2020,1
Nord-Aurdal,0542,05,2021,0
Nord-Fron,0516,05,2018,0
Nord-Fron,0516,05,2019,0
Nord-Fron,0516,05,2020,5
Nord-Fron,0516,05,2021,0
Nord-Odal,0418,04,2018,1
Nord-Odal,0418,04,2019,0
Nord-Odal,0418,04,2020,0
Nord-Odal,0418,04,2021,0
Norddal,1524,15,2018,1
Norddal,1524,15,2019,0
Norddal,1524,15,2020,91
Norddal,1524,15,2021,0
Nordkapp,2019,20,2018,0
Nordkapp,2019,20,2019,0
Nordkapp,2019,20,2020,0
Nordkapp,2019,20,2021,0
Nordre Land,0538,05,2018,0
Nordre Land,0538,05,2019,0
Nordre Land,0538,05,2020,0
Nordre Land,0538,05,2021,0
Nordreisa,1942,19,2018,0
Nordreisa,1942,19,2019,0
Nordreisa,1942,19,2020,0
Nordreisa,1942,19,2021,0
Nore og Uvdal,0633,06,2018,0
Nore og Uvdal,0633,06,2019,0
Nore og Uvdal,0633,06,2020,0
Nore og Uvdal,0633,06,2021,0
Notodden,0807,08,2018,0
Notodden,0807,08,2019,0
Notodden,0807,08,2020,0
Notodden,0807,08,2021,0
Naeroey,1751,17,2018,0
Naeroey,1751,17,2019,0
Naeroey,1751,17,2020,0
Naeroey,1751,17,2021,0
Noetteroey,0722,07,2018,0
Noetteroey,0722,07,2019,0
Noetteroey,0722,07,2020,0
Noetteroey,0722,07,2021,0
Odda,1228,12,2018,0
Odda,1228,12,2019,0
Odda,1228,12,2020,0
Odda,1228,12,2021,0
Oppdal,1634,16,2018,0
Oppdal,1634,16,2019,0
Oppdal,1634,16,2020,0
Oppdal,1634,16,2021,0
Oppegaard,0217,02,2018,0
Oppegaard,0217,02,2019,0
Oppegaard,0217,02,2020,0
Oppegaard,0217,02,2021,54
Orkdal,1638,16,2018,0
Orkdal,1638,16,2019,0
Orkdal,1638,16,2020,0
Orkdal,1638,16,2021,0
Os,0441,04,2018,0
Os,0441,04,2019,0
Os,0441,04,2020,0
Os,0441,04,2021,0
Os,1243,12,2018,0
Os,1243,12,2019,0
Os,1243,12,2020,0
Os,1243,12,2021,0
Osen,1633,16,2018,0
Osen,1633,16,2019,0
Osen,1633,16,2020,0
Osen,1633,16,2021,0
Oslo,0301,03,2018,1743
Oslo,0301,03,2019,0
Oslo,0301,03,2020,41450
Oslo,0301,03,2021,97583
Osteroey,1253,12,2018,2
Osteroey,1253,12,2019,0
Osteroey,1253,12,2020,0
Osteroey,1253,12,2021,0
Overhalla,1744,17,2018,0
Overhalla,1744,17,2019,0
Overhalla,1744,17,2020,0
Overhalla,1744,17,2021,0
Porsanger,2020,20,2018,0
Porsanger,2020,20,2019,0
Porsanger,2020,20,2020,0
Porsanger,2020,20,2021,0
Porsgrunn,0805,08,2018,0
Porsgrunn,0805,08,2019,0
Porsgrunn,0805,08,2020,0
Porsgrunn,0805,08,2021,0
Radoey,1260,12,2018,0
Radoey,1260,12,2019,0
Radoey,1260,12,2020,0
Radoey,1260,12,2021,0
Rakkestad,0128,01,2018,0
Rakkestad,0128,01,2019,0
Rakkestad,0128,01,2020,0
Rakkestad,0128,01,2021,0
Rana,1833,18,2018,0
Rana,1833,18,2019,0
Rana,1833,18,2020,0
Rana,1833,18,2021,0
Randaberg,1127,11,2018,0
Randaberg,1127,11,2019,0
Randaberg,1127,11,2020,0
Randaberg,1127,11,2021,0
Rauma,1539,15,2018,0
Rauma,1539,15,2019,0
Rauma,1539,15,2020,98
Rauma,1539,15,2021,0
Re,0716,07,2018,0
Re,0716,07,2019,0
Re,0716,07,2020,0
Re,0716,07,2021,0
Rendalen,0432,04,2018,0
Rendalen,0432,04,2019,0
Rendalen,0432,04,2020,0
Rendalen,0432,04,2021,0
Rennebu,1635,16,2018,0
Rennebu,1635,16,2019,0
Rennebu,1635,16,2020,0
Rennebu,1635,16,2021,0
Rennesoey,1142,11,2018,0
Rennesoey,1142,11,2019,0
Rennesoey,1142,11,2020,0
Rennesoey,1142,11,2021,0
Rindal,1567,15,2018,0
Rindal,1567,15,2019,0
Rindal,1567,15,2020,0
Rindal,1567,15,2021,0
Ringebu,0520,05,2018,0
Ringebu,0520,05,2019,0
Ringebu,0520,05,2020,9
Ringebu,0520,05,2021,0
Ringerike,0605,06,2018,0
Ringerike,0605,06,2019,0
Ringerike,0605,06,2020,0
Ringerike,0605,06,2021,0
Ringsaker,0412,04,2018,0
Ringsaker,0412,04,2019,0
Ringsaker,0412,04,2020,8
Ringsaker,0412,04,2021,0
Rissa,1624,16,2018,0
Rissa,1624,16,2019,0
Rissa,1624,16,2020,0
Rissa,1624,16,2021,0
Risoer,0901,09,2018,0
Risoer,0901,09,2019,0
Risoer,0901,09,2020,0
Risoer,0901,09,2021,0
Roan,1632,16,2018,0
Roan,1632,16,2019,0
Roan,1632,16,2020,0
Roan,1632,16,2021,0
Rollag,0632,06,2018,0
Rollag,0632,06,2019,0
Rollag,0632,06,2020,0
Rollag,0632,06,2021,0
Rygge,0136,01,2018,0
Rygge,0136,01,2019,0
Rygge,0136,01,2020,0
Rygge,0136,01,2021,0
Raelingen,0228,02,2018,0
Raelingen,0228,02,2019,0
Raelingen,0228,02,2020,0
Raelingen,0228,02,2021,0
Roedoey,1836,18,2018,0
Roedoey,1836,18,2019,0
Roedoey,1836,18,2020,0
Roedoey,1836,18,2021,0
Roemskog,0121,01,2018,0
Roemskog,0121,01,2019,0
Roemskog,0121,01,2020,0
Roemskog,0121,01,2021,0
Roeros,1640,16,2018,0
Roeros,1640,16,2019,0
Roeros,1640,16,2020,0
Roeros,1640,16,2021,0
Roest,1856,18,2018,0
Roest,1856,18,2019,0
Roest,1856,18,2020,0
Roest,1856,18,2021,0
Roeyken,0627,06,2018,0
Roeyken,0627,06,2019,0
Roeyken,0627,06,2020,0
Roeyken,0627,06,2021,0
Roeyrvik,1739,17,2018,0
Roeyrvik,1739,17,2019,0
Roeyrvik,1739,17,2020,0
Roeyrvik,1739,17,2021,0
Raade,0135,01,2018,0
Raade,0135,01,2019,0
Raade,0135,01,2020,0
Raade,0135,01,2021,0
Salangen,1923,19,2018,0
Salangen,1923,19,2019,0
Salangen,1923,19,2020,0
Salangen,1923,19,2021,0
Saltdal,1840,18,2018,0
Saltdal,1840,18,2019,0
Saltdal,1840,18,2020,0
Saltdal,1840,18,2021,0
Samnanger,1242,12,2018,0
Samnanger,1242,12,2019,0
Samnanger,1242,12,2020,0
Samnanger,1242,12,2021,0
Sande,0713,07,2018,0
Sande,0713,07,2019,0
Sande,0713,07,2020,0
Sande,0713,07,2021,0
Sande,1514,15,2018,0
Sande,1514,15,2019,0
Sande,1514,15,2020,0
Sande,1514,15,2021,0
Sandefjord,0706,07,2018,0
Sandefjord,0706,07,2019,0
Sandefjord,0706,07,2020,0
Sandefjord,0706,07,2021,0
Sandnes,1102,11,2018,0
Sandnes,1102,11,2019,0
Sandnes,1102,11,2020,0
Sandnes,1102,11,2021,0
Sandoey,1546,15,2018,0
Sandoey,1546,15,2019,0
Sandoey,1546,15,2020,0
Sandoey,1546,15,2021,0
Sarpsborg,0105,01,2018,0
Sarpsborg,0105,01,2019,0
Sarpsborg,0105,01,2020,0
Sarpsborg,0105,01,2021,0
Sauda,1135,11,2018,0
Sauda,1135,11,2019,0
Sauda,1135,11,2020,0
Sauda,1135,11,2021,0
Sauherad,0822,08,2018,0
Sauherad,0822,08,2019,0
Sauherad,0822,08,2020,0
Sauherad,0822,08,2021,0
Sel,0517,05,2018,0
Sel,0517,05,2019,0
Sel,0517,05,2020,18
Sel,0517,05,2021,0
Selbu,1664,16,2018,0
Selbu,1664,16,2019,0
Selbu,1664,16,2020,0
Selbu,1664,16,2021,0
Selje,1441,14,2018,0
Selje,1441,14,2019,0
Selje,1441,14,2020,0
Selje,1441,14,2021,0
Seljord,0828,08,2018,0
Seljord,0828,08,2019,0
Seljord,0828,08,2020,0
Seljord,0828,08,2021,0
Sigdal,0621,06,2018,0
Sigdal,0621,06,2019,0
Sigdal,0621,06,2020,0
Sigdal,0621,06,2021,0
Siljan,0811,08,2018,0
Siljan,0811,08,2019,0
Siljan,0811,08,2020,0
Siljan,0811,08,2021,0
Sirdal,1046,10,2018,0
Sirdal,1046,10,2019,0
Sirdal,1046,10,2020,0
Sirdal,1046,10,2021,0
Skaun,1657,16,2018,0
Skaun,1657,16,2019,0
Skaun,1657,16,2020,0
Skaun,1657,16,2021,0
Skedsmo,0231,02,2018,21
Skedsmo,0231,02,2019,0
Skedsmo,0231,02,2020,66
Skedsmo,0231,02,2021,45
Ski,0213,02,2018,0
Ski,0213,02,2019,0
Ski,0213,02,2020,0
Ski,0213,02,2021,0
Skien,0806,08,2018,0
Skien,0806,08,2019,0
Skien,0806,08,2020,0
Skien,0806,08,2021,0
Skiptvet,0127,01,2018,0
Skiptvet,0127,01,2019,0
Skiptvet,0127,01,2020,0
Skiptvet,0127,01,2021,0
Skjervoey,1941,19,2018,0
Skjervoey,1941,19,2019,0
Skjervoey,1941,19,2020,0
Skjervoey,1941,19,2021,0
Skjaak,0513,05,2018,5
Skjaak,0513,05,2019,0
Skjaak,0513,05,2020,1
Skjaak,0513,05,2021,0
Skodje,1529,15,2018,138
Skodje,1529,15,2019,0
Skodje,1529,15,2020,218
Skodje,1529,15,2021,17
Skaanland,1913,19,2018,0
Skaanland,1913,19,2019,0
Skaanland,1913,19,2020,47
Skaanland,1913,19,2021,72
Smoela,1573,15,2018,0
Smoela,1573,15,2019,0
Smoela,1573,15,2020,0
Smoela,1573,15,2021,0
Snillfjord,1613,16,2018,0
Snillfjord,1613,16,2019,0
Snillfjord,1613,16,2020,0
Snillfjord,1613,16,2021,0
Snaasa,1736,17,2018,0
Snaasa,1736,17,2019,0
Snaasa,1736,17,2020,0
Snaasa,1736,17,2021,0
Sogndal,1420,14,2018,0
Sogndal,1420,14,2019,0
Sogndal,1420,14,2020,0
Sogndal,1420,14,2021,0
Sokndal,1111,11,2018,0
Sokndal,1111,11,2019,0
Sokndal,1111,11,2020,0
Sokndal,1111,11,2021,0
Sola,1124,11,2018,0
Sola,1124,11,2019,0
Sola,1124,11,2020,0
Sola,1124,11,2021,0
Solund,1412,14,2018,0
Solund,1412,14,2019,0
Solund,1412,14,2020,0
Solund,1412,14,2021,0
Songdalen,1017,10,2018,0
Songdalen,1017,10,2019,0
Songdalen,1017,10,2020,0
Songdalen,1017,10,2021,0
Sortland,1870,18,2018,0
Sortland,1870,18,2019,0
Sortland,1870,18,2020,120
Sortland,1870,18,2021,77
Spydeberg,0123,01,2018,0
Spydeberg,0123,01,2019,0
Spydeberg,0123,01,2020,0
Spydeberg,0123,01,2021,0
Stange,0417,04,2018,0
Stange,0417,04,2019,0
Stange,0417,04,2020,39
Stange,0417,04,2021,0
Stavanger,1103,11,2018,0
Stavanger,1103,11,2019,0
Stavanger,1103,11,2020,0
Stavanger,1103,11,2021,0
Steigen,1848,18,2018,0
Steigen,1848,18,2019,0
Steigen,1848,18,2020,0
Steigen,1848,18,2021,0
Steinkjer,1702,17,2018,0
Steinkjer,1702,17,2019,0
Steinkjer,1702,17,2020,0
Steinkjer,1702,17,2021,0
Stjoerdal,1714,17,2018,0
Stjoerdal,1714,17,2019,0
Stjoerdal,1714,17,2020,0
Stjoerdal,1714,17,2021,0
Stokke,0720,07,2018,0
Stokke,0720,07,2019,0
Stokke,0720,07,2020,0
Stokke,0720,07,2021,0
Stor-Elvdal,0430,04,2018,0
Stor-Elvdal,0430,04,2019,0
Stor-Elvdal,0430,04,2020,0
Stor-Elvdal,0430,04,2021,0
Stord,1221,12,2018,0
Stord,1221,12,2019,0
Stord,1221,12,2020,0
Stord,1221,12,2021,0
Stordal,1526,15,2018,0
Stordal,1526,15,2019,0
Stordal,1526,15,2020,10
Stordal,1526,15,2021,0
Storfjord,1939,19,2018,0
Storfjord,1939,19,2019,0
Storfjord,1939,19,2020,0
Storfjord,1939,19,2021,0
Strand,1130,11,2018,0
Strand,1130,11,2019,0
Strand,1130,11,2020,0
Strand,1130,11,2021,0
Stranda,1525,15,2018,1299
Stranda,1525,15,2019,0
Stranda,1525,15,2020,15
Stranda,1525,15,2021,0
Stryn,1449,14,2018,0
Stryn,1449,14,2019,0
Stryn,1449,14,2020,0
Stryn,1449,14,2021,0
Sula,1531,15,2018,1
Sula,1531,15,2019,11
Sula,1531,15,2020,6
Sula,1531,15,2021,2
Suldal,1134,11,2018,0
Suldal,1134,11,2019,0
Suldal,1134,11,2020,0
Suldal,1134,11,2021,0
Sund,1245,12,2018,0
Sund,1245,12,2019,0
Sund,1245,12,2020,0
Sund,1245,12,2021,0
Sunndal,1563,15,2018,0
Sunndal,1563,15,2019,0
Sunndal,1563,15,2020,0
Sunndal,1563,15,2021,0
Surnadal,1566,15,2018,0
Surnadal,1566,15,2019,0
Surnadal,1566,15,2020,0
Surnadal,1566,15,2021,0
Sveio,1216,12,2018,0
Sveio,1216,12,2019,0
Sveio,1216,12,2020,0
Sveio,1216,12,2021,0
Svelvik,0711,07,2018,0
Svelvik,0711,07,2019,0
Svelvik,0711,07,2020,0
Svelvik,0711,07,2021,0
Sykkylven,1528,15,2018,1459
Sykkylven,1528,15,2019,0
Sykkylven,1528,15,2020,2
Sykkylven,1528,15,2021,0
Soegne,1018,10,2018,0
Soegne,1018,10,2019,0
Soegne,1018,10,2020,0
Soegne,1018,10,2021,0
Soemna,1812,18,2018,0
Soemna,1812,18,2019,0
Soemna,1812,18,2020,0
Soemna,1812,18,2021,0
Soendre Land,0536,05,2018,0
Soendre Land,0536,05,2019,0
Soendre Land,0536,05,2020,0
Soendre Land,0536,05,2021,0
Soer-Aurdal,0540,05,2018,0
Soer-Aurdal,0540,05,2019,0
Soer-Aurdal,0540,05,2020,0
Soer-Aurdal,0540,05,2021,0
Soer-Fron,0519,05,2018,0
Soer-Fron,0519,05,2019,0
Soer-Fron,0519,05,2020,0
Soer-Fron,0519,05,2021,0
Soer-Odal,0419,04,2018,0
Soer-Odal,0419,04,2019,0
Soer-Odal,0419,04,2020,0
Soer-Odal,0419,04,2021,0
Soer-Varanger,2030,20,2018,0
Soer-Varanger,2030,20,2019,0
Soer-Varanger,2030,20,2020,0
Soer-Varanger,2030,20,2021,0
Soerfold,1845,18,2018,0
Soerfold,1845,18,2019,0
Soerfold,1845,18,2020,7
Soerfold,1845,18,2021,0
Soerreisa,1925,19,2018,0
Soerreisa,1925,19,2019,0
Soerreisa,1925,19,2020,0
Soerreisa,1925,19,2021,0
Soerum,0226,02,2018,8
Soerum,0226,02,2019,0
Soerum,0226,02,2020,20
Soerum,0226,02,2021,13
Tana,2025,20,2018,0
Tana,2025,20,2019,0
Tana,2025,20,2020,0
Tana,2025,20,2021,0
Time,1121,11,2018,0
Time,1121,11,2019,0
Time,1121,11,2020,0
Time,1121,11,2021,0
Tingvoll,1560,15,2018,0
Tingvoll,1560,15,2019,0
Tingvoll,1560,15,2020,0
Tingvoll,1560,15,2021,0
Tinn,0826,08,2018,0
Tinn,0826,08,2019,0
Tinn,0826,08,2020,0
Tinn,0826,08,2021,0
Tjeldsund,1852,18,2018,0
Tjeldsund,1852,18,2019,0
Tjeldsund,1852,18,2020,130
Tjeldsund,1852,18,2021,80
Tjoeme,0723,07,2018,0
Tjoeme,0723,07,2019,0
Tjoeme,0723,07,2020,0
Tjoeme,0723,07,2021,0
Tokke,0833,08,2018,0
Tokke,0833,08,2019,0
Tokke,0833,08,2020,0
Tokke,0833,08,2021,0
Tolga,0436,04,2018,0
Tolga,0436,04,2019,0
Tolga,0436,04,2020,0
Tolga,0436,04,2021,0
Torsken,1928,19,2018,0
Torsken,1928,19,2019,0
Torsken,1928,19,2020,0
Torsken,1928,19,2021,0
Tranoey,1927,19,2018,0
Tranoey,1927,19,2019,0
Tranoey,1927,19,2020,0
Tranoey,1927,19,2021,0
Tromsoe,1902,19,2018,0
Tromsoe,1902,19,2019,0
Tromsoe,1902,19,2020,0
Tromsoe,1902,19,2021,587
Trondheim,1601,16,2018,0
Trondheim,1601,16,2019,0
Trondheim,1601,16,2020,0
Trondheim,1601,16,2021,0
Trysil,0428,04,2018,0
Trysil,0428,04,2019,0
Trysil,0428,04,2020,0
Trysil,0428,04,2021,0
Traena,1835,18,2018,0
Traena,1835,18,2019,0
Traena,1835,18,2020,0
Traena,1835,18,2021,0
Troegstad,0122,01,2018,0
Troegstad,0122,01,2019,0
Troegstad,0122,01,2020,0
Troegstad,0122,01,2021,0
Tvedestrand,0914,09,2018,0
Tvedestrand,0914,09,2019,0
Tvedestrand,0914,09,2020,0
Tvedestrand,0914,09,2021,0
Tydal,1665,16,2018,0
Tydal,1665,16,2019,0
Tydal,1665,16,2020,0
Tydal,1665,16,2021,0
Tynset,0437,04,2018,0
Tynset,0437,04,2019,0
Tynset,0437,04,2020,0
Tynset,0437,04,2021,0
Tysfjord,1850,18,2018,0
Tysfjord,1850,18,2019,0
Tysfjord,1850,18,2020,0
Tysfjord,1850,18,2021,0
Tysnes,1223,12,2018,0
Tysnes,1223,12,2019,0
Tysnes,1223,12,2020,0
Tysnes,1223,12,2021,0
Tysvaer,1146,11,2018,0
Tysvaer,1146,11,2019,0
Tysvaer,1146,11,2020,0
Tysvaer,1146,11,2021,0
Toensberg,0704,07,2018,0
Toensberg,0704,07,2019,0
Toensberg,0704,07,2020,0
Toensberg,0704,07,2021,0
Ullensaker,0235,02,2018,903
Ullensaker,0235,02,2019,0
Ullensaker,0235,02,2020,3205
Ullensaker,0235,02,2021,418
Ullensvang,1231,12,2018,0
Ullensvang,1231,12,2019,0
Ullensvang,1231,12,2020,0
Ullensvang,1231,12,2021,0
Ulstein,1516,15,2018,1
Ulstein,1516,15,2019,0
Ulstein,1516,15,2020,0
Ulstein,1516,15,2021,0
Ulvik,1233,12,2018,0
Ulvik,1233,12,2019,0
Ulvik,1233,12,2020,0
Ulvik,1233,12,2021,0
Utsira,1151,11,2018,0
Utsira,1151,11,2019,0
Utsira,1151,11,2020,0
Utsira,1151,11,2021,0
Vadsoe,2003,20,2018,0
Vadsoe,2003,20,2019,0
Vadsoe,2003,20,2020,0
Vadsoe,2003,20,2021,0
Vaksdal,1251,12,2018,0
Vaksdal,1251,12,2019,0
Vaksdal,1251,12,2020,0
Vaksdal,1251,12,2021,0
Valle,0940,09,2018,0
Valle,0940,09,2019,0
Valle,0940,09,2020,0
Valle,0940,09,2021,0
Vang,0545,05,2018,0
Vang,0545,05,2019,0
Vang,0545,05,2020,0
Vang,0545,05,2021,0
Vanylven,1511,15,2018,0
Vanylven,1511,15,2019,0
Vanylven,1511,15,2020,0
Vanylven,1511,15,2021,0
Vardoe,2002,20,2018,0
Vardoe,2002,20,2019,0
Vardoe,2002,20,2020,0
Vardoe,2002,20,2021,0
Vefsn,1824,18,2018,0
Vefsn,1824,18,2019,0
Vefsn,1824,18,2020,0
Vefsn,1824,18,2021,0
Vega,1815,18,2018,0
Vega,1815,18,2019,0
Vega,1815,18,2020,0
Vega,1815,18,2021,0
Vegaarshei,0912,09,2018,0
Vegaarshei,0912,09,2019,0
Vegaarshei,0912,09,2020,0
Vegaarshei,0912,09,2021,0
Vennesla,1014,10,2018,0
Vennesla,1014,10,2019,0
Vennesla,1014,10,2020,0
Vennesla,1014,10,2021,0
Verdal,1721,17,2018,0
Verdal,1721,17,2019,0
Verdal,1721,17,2020,0
Verdal,1721,17,2021,0
Verran,1724,17,2018,0
Verran,1724,17,2019,0
Verran,1724,17,2020,0
Verran,1724,17,2021,0
Vestby,0211,02,2018,0
Vestby,0211,02,2019,0
Vestby,0211,02,2020,0
Vestby,0211,02,2021,0
Vestnes,1535,15,2018,366
Vestnes,1535,15,2019,0
Vestnes,1535,15,2020,246
Vestnes,1535,15,2021,0
Vestre Slidre,0543,05,2018,0
Vestre Slidre,0543,05,2019,0
Vestre Slidre,0543,05,2020,0
Vestre Slidre,0543,05,2021,0
Vestre Toten,0529,05,2018,5858
Vestre Toten,0529,05,2019,0
Vestre Toten,0529,05,2020,0
Vestre Toten,0529,05,2021,0
Vestvaagoey,1860,18,2018,0
Vestvaagoey,1860,18,2019,0
Vestvaagoey,1860,18,2020,0
Vestvaagoey,1860,18,2021,0
Vevelstad,1816,18,2018,0
Vevelstad,1816,18,2019,0
Vevelstad,1816,18,2020,0
Vevelstad,1816,18,2021,0
Vik,1417,14,2018,0
Vik,1417,14,2019,0
Vik,1417,14,2020,0
Vik,1417,14,2021,0
Vikna,1750,17,2018,0
Vikna,1750,17,2019,0
Vikna,1750,17,2020,0
Vikna,1750,17,2021,0
Vindafjord,1160,11,2018,0
Vindafjord,1160,11,2019,0
Vindafjord,1160,11,2020,0
Vindafjord,1160,11,2021,0
Vinje,0834,08,2018,0
Vinje,0834,08,2019,0
Vinje,0834,08,2020,0
Vinje,0834,08,2021,0
Volda,1519,15,2018,15
Volda,1519,15,2019,469
Volda,1519,15,2020,201
Volda,1519,15,2021,465
Voss,1235,12,2018,0
Voss,1235,12,2019,0
Voss,1235,12,2020,0
Voss,1235,12,2021,0
Vaeroey,1857,18,2018,0
Vaeroey,1857,18,2019,0
Vaeroey,1857,18,2020,0
Vaeroey,1857,18,2021,0
Vaagan,1865,18,2018,0
Vaagan,1865,18,2019,0
Vaagan,1865,18,2020,4
Vaagan,1865,18,2021,0
Vaagsoey,1439,14,2018,0
Vaagsoey,1439,14,2019,0
Vaagsoey,1439,14,2020,0
Vaagsoey,1439,14,2021,0
Vaagaa,0515,05,2018,0
Vaagaa,0515,05,2019,0
Vaagaa,0515,05,2020,0
Vaagaa,0515,05,2021,0
Vaaler,0137,01,2018,0
Vaaler,0137,01,2019,0
Vaaler,0137,01,2020,0
Vaaler,0137,01,2021,0
Vaaler,0426,04,2018,0
Vaaler,0426,04,2019,0
Vaaler,0426,04,2020,0
Vaaler,0426,04,2021,0
Oeksnes,1868,18,2018,0
Oeksnes,1868,18,2019,0
Oeksnes,1868,18,2020,8
Oeksnes,1868,18,2021,96
Oerland,1621,16,2018,0
Oerland,1621,16,2019,0
Oerland,1621,16,2020,0
Oerland,1621,16,2021,0
Oerskog,1523,15,2018,629
Oerskog,1523,15,2019,0
Oerskog,1523,15,2020,217
Oerskog,1523,15,2021,0
Oersta,1520,15,2018,15
Oersta,1520,15,2019,2
Oersta,1520,15,2020,43
Oersta,1520,15,2021,278
Oestre Toten,0528,05,2018,3
Oestre Toten,0528,05,2019,0
Oestre Toten,0528,05,2020,0
Oestre Toten,0528,05,2021,0
Oevre Eiker,0624,06,2018,0
Oevre Eiker,0624,06,2019,0
Oevre Eiker,0624,06,2020,0
Oevre Eiker,0624,06,2021,0
Oeyer,0521,05,2018,0
Oeyer,0521,05,2019,0
Oeyer,0521,05,2020,16
Oeyer,0521,05,2021,0
Oeygarden,1259,12,2018,0
Oeygarden,1259,12,2019,0
Oeygarden,1259,12,2020,0
Oeygarden,1259,12,2021,0
Oeystre Slidre,0544,05,2018,0
Oeystre Slidre,0544,05,2019,0
Oeystre Slidre,0544,05,2020,0
Oeystre Slidre,0544,05,2021,0
Aafjord,1630,16,2018,0
Aafjord,1630,16,2019,0
Aafjord,1630,16,2020,0
Aafjord,1630,16,2021,0
Aal,0619,06,2018,0
Aal,0619,06,2019,0
Aal,0619,06,2020,1
Aal,0619,06,2021,0
Aalesund,1504,15,2018,101487
Aalesund,1504,15,2019,4113
Aalesund,1504,15,2020,85077
Aalesund,1504,15,2021,11828
Aamli,0929,09,2018,0
Aamli,0929,09,2019,0
Aamli,0929,09,2020,0
Aamli,0929,09,2021,0
Aamot,0429,04,2018,0
Aamot,0429,04,2019,0
Aamot,0429,04,2020,0
Aamot,0429,04,2021,0
Aardal,1424,14,2018,0
Aardal,1424,14,2019,0
Aardal,1424,14,2020,0
Aardal,1424,14,2021,0
Aas,0214,02,2018,0
Aas,0214,02,2019,0
Aas,0214,02,2020,0
Aas,0214,02,2021,145
Aaseral,1026,10,2018,0
Aaseral,1026,10,2019,0
Aaseral,1026,10,2020,0
Aaseral,1026,10,2021,0
Aasnes,0425,04,2018,0
Aasnes,0425,04,2019,0
Aasnes,0425,04,2020,0
Aasnes,0425,04,2021,0
